Open,High,Low,Adj Close,Volume,class
1252.5,1252.5,1245.75,1140.785522,782754,UP
1257,1257,1237.150024,1138.640015,1334642,DOWN
1245.525024,1270.5,1240,1152.955078,2438740,UP
1259.949951,1263.449951,1246,1143.22876,2435396,DOWN
1248.275024,1267,1246.375,1146.49353,1599558,UP
1255,1263.199951,1233,1130.009033,1449230,DOWN
1245,1256.099976,1236.875,1139.301636,2010356,UP
1247.349976,1257,1226,1130.831177,4332866,DOWN
1239.5,1242,1210.75,1112.337158,1985014,DOWN
1220,1227.150024,1213.525024,1118.045654,1923006,UP
1224.800049,1227,1212.5,1115.236938,1300778,DOWN
1220.5,1221.724976,1212.199951,1109.437744,1684686,DOWN
1215,1227.5,1214.025024,1117.223389,1389188,UP
1220.525024,1233.974976,1220.525024,1120.62561,1773616,UP
1227.5,1234.974976,1225.625,1122.976929,1222010,UP
1230,1257.224976,1228.375,1141.744751,1527746,UP
1256.5,1277.5,1253.5,1163.594482,5006356,UP
1274.099976,1304.474976,1261.5,1168.343506,4066320,UP
1277.525024,1295,1277.525024,1180.124634,1218590,UP
1292.5,1307.474976,1288.775024,1184.759766,1443016,UP
1297.5,1306.824951,1290,1181.129395,1514144,DOWN
1296,1297.900024,1285.5,1179.896362,86822,DOWN
1292,1314.5,1273.724976,1181.722778,1886088,UP
1310,1310.449951,1284.525024,1177.385132,1339020,DOWN
1289.25,1307,1277.5,1172.119263,1105106,DOWN
1267.550049,1284.574951,1258.949951,1162.480835,3007552,DOWN
1269,1296.574951,1265.150024,1183.291626,1409270,UP
1293,1310,1290.849976,1197.897827,1137252,UP
1300.650024,1320,1300.650024,1201.46936,1592634,UP
1312,1313.425049,1289.425049,1191.785522,741882,DOWN
1304.25,1337,1303.375,1202.453735,1468422,UP
1316.199951,1318.349976,1301.400024,1199.683716,666886,DOWN
1310,1335.900024,1305.875,1220.494019,1377000,UP
1335,1384,1333.025024,1240.869629,2696892,UP
1361.5,1379.5,1359.125,1252.293823,1402252,UP
1375,1375,1359.650024,1252.93457,1152432,UP
1361.099976,1363,1346.675049,1240.274292,1356566,DOWN
1351.025024,1388.699951,1351.025024,1263.259766,1496996,UP
1378.275024,1378.275024,1353.75,1242.953247,1657252,DOWN
1353,1377.5,1350.675049,1238.69458,6670834,DOWN
1355,1381.5,1343.474976,1257.627563,1653482,UP
1374.050049,1374.050049,1351.800049,1239.610596,1325464,DOWN
1357.5,1363.449951,1347.650024,1237.847778,1014498,DOWN
1350.5,1350.5,1333,1223.882813,1527740,DOWN
1336.5,1354.849976,1336.199951,1227.407959,1822624,UP
1340.5,1346.5,1334.5,1227.682739,793470,UP
1341,1351.449951,1336.550049,1230.796509,2287512,UP
1344,1347.949951,1331.099976,1229.789063,1856786,DOWN
1343,1351.199951,1335,1229.537231,911716,DOWN
1338.75,1346.5,1325,1217.105469,1447532,DOWN
1326.824951,1333.474976,1311.5,1207.421631,4299962,DOWN
1317.5,1334,1310.75,1204.193726,1031144,DOWN
1311,1329.25,1301.474976,1205.292603,1259104,UP
1315.5,1325.849976,1314.074951,1206.757813,1167914,UP
1318,1322.5,1306.425049,1205.727661,1407518,DOWN
1316.150024,1322.974976,1307.5,1198.37854,1326300,DOWN
1309,1322.5,1298.5,1191.167236,1385548,DOWN
1304.175049,1336.324951,1304.175049,1218.456543,1008002,UP
1330.5,1331,1303.699951,1196.043579,1882246,DOWN
1305.699951,1325.724976,1300.5,1203.484009,2961458,UP
1316,1316,1265.550049,1171.157959,5504150,DOWN
1281.875,1292.224976,1268.425049,1165.571655,2718138,DOWN
1268.5,1294.474976,1247.175049,1181.551758,2180664,UP
1288,1298.900024,1282.349976,1179.170776,1801952,DOWN
1291,1296.375,1275.324951,1185.420898,1577570,UP
1293.5,1304,1290.025024,1188.51123,1293648,UP
1302,1331.949951,1295.099976,1211.886108,3665664,UP
1343,1344.875,1315.800049,1213.12207,2175786,UP
1324.724976,1329.25,1305.25,1199.592041,739284,DOWN
1304.400024,1326.75,1302.824951,1202.820068,2605088,UP
1311.550049,1354.449951,1309.275024,1236.817505,2609542,UP
1341.150024,1347.400024,1317.5,1211.359375,1351760,DOWN
1330,1334.800049,1310.099976,1204.765991,1920290,DOWN
1316,1334.5,1315.599976,1208.177124,1257120,UP
1325,1331,1320,1216.625122,913082,UP
1325,1349.75,1325,1231.322632,1153706,UP
1350,1363.425049,1340.925049,1242.861084,1242220,UP
1357.5,1360.5,1338.275024,1240.389038,2149396,DOWN
1355.5,1408,1347.324951,1285.077515,3365850,UP
1405,1410.949951,1391.099976,1277.705688,2520744,DOWN
1402.5,1402.5,1370.275024,1271.226929,3360314,DOWN
1388.574951,1404,1367.525024,1257.376221,1457214,DOWN
1378,1430.824951,1375.275024,1305.338623,4267752,UP
1435,1462.5,1431.074951,1322.783936,4280806,UP
1448.5,1466.5,1434.025024,1336.176636,2209478,UP
1465.275024,1491,1451.824951,1354.995605,1820000,UP
1480.5,1567.349976,1461,1430.311401,4367110,UP
1557.474976,1571.175049,1545.025024,1423.702148,3239610,DOWN
1545,1629.525024,1541.324951,1457.023071,5621538,UP
1587.5,1589.900024,1540.5,1432.445557,3833844,DOWN
1565.699951,1612.5,1561,1468.153076,3141060,UP
1590,1601.900024,1571.849976,1447.040283,1574758,DOWN
1568.5,1575,1549.300049,1428.452393,3043214,DOWN
1562,1595,1544.400024,1440.500244,2400630,UP
1560,1595,1551.724976,1447.407593,2456490,UP
1555,1594,1538.425049,1424.25293,2757742,DOWN
1505,1538.574951,1492.5,1375.625732,2657306,DOWN
1513.5,1515.5,1473.724976,1356.25769,2180324,DOWN
1489.875,1513.800049,1479.5,1365.046631,2755004,UP
1475,1497,1448.324951,1363.899292,2102458,DOWN
1489.150024,1511.675049,1477.775024,1361.879883,1974562,DOWN
1485,1487.224976,1446.25,1336.407959,2847532,DOWN
1465.974976,1471.5,1452.550049,1342.855835,2465236,UP
1461.5,1499.800049,1461.5,1346.1604,2515756,UP
1472.5,1476.650024,1447.599976,1341.823364,1568224,DOWN
1464,1492.525024,1463.949951,1351.530396,1889068,UP
1487,1531.300049,1480.025024,1396.302124,3089228,UP
1526,1539.5,1511.25,1399.928101,3463010,UP
1525,1544.5,1496.050049,1411.677246,3362500,UP
1537.5,1544.974976,1510.599976,1391.43689,1363882,DOWN
1520.5,1539.275024,1516,1396.325195,1717800,UP
1517.5,1531.974976,1510.724976,1392.974609,2706864,DOWN
1524.5,1530.599976,1510,1394.190796,1718124,UP
1524.5,1556.824951,1516.474976,1425.469238,2858168,UP
1561,1563.5,1515.074951,1396.531616,1906764,DOWN
1535,1544.5,1509.25,1389.486328,1917772,DOWN
1527.449951,1527.449951,1493.75,1378.701172,1951826,DOWN
1502.5,1531.599976,1488.599976,1392.538696,1872436,UP
1521.5,1541.949951,1517.75,1400.822754,2091340,UP
1462.449951,1469.849976,1436,1324.933594,88067154,DOWN
1446.474976,1461.525024,1437.525024,1324.979492,3668668,UP
1447.5,1451.275024,1427.800049,1317.085205,2348906,DOWN
1434.400024,1436,1402.5,1296.890869,7197482,DOWN
1414.5,1424,1410,1299.323486,3489940,UP
1410,1436.599976,1409.5,1314.859131,4024984,UP
1436.25,1442.150024,1425,1311.141846,3907678,DOWN
1429.974976,1437.974976,1411.275024,1299.484009,2326094,DOWN
1401,1417.050049,1399.025024,1293.425781,3654122,DOWN
1409.5,1413.699951,1390.775024,1292.898071,2964210,DOWN
1412.5,1431.5,1411.525024,1306.987671,2494574,UP
1417.949951,1437.5,1412.5,1307.653442,6865654,UP
1420,1457,1420,1335.420532,1662988,UP
1446.050049,1464.949951,1446.050049,1336.154907,1937290,UP
1464.724976,1467,1446,1335.994507,2841820,DOWN
1463.275024,1481.875,1460.175049,1357.588623,1809424,UP
1477,1480,1463.275024,1354.077515,1129018,DOWN
1469.849976,1481.75,1457.5,1341.960815,1235866,DOWN
1462.849976,1478.625,1462.849976,1348.248779,1184532,UP
1475.300049,1512.5,1472.800049,1383.382324,3124416,UP
1505,1575,1503.974976,1440.798828,6114360,UP
1575,1620.400024,1566.050049,1447.246826,8179118,UP
1558,1599.974976,1555.375,1463.012451,6270274,UP
1593.824951,1597.474976,1573.599976,1453.351318,3301724,DOWN
1583,1596.724976,1572.925049,1449.909302,2433066,DOWN
1589.949951,1608.599976,1582.875,1464.61853,4820952,UP
1625,1711.175049,1620,1561.597534,18465662,UP
1712,1778.949951,1694.775024,1564.442871,15185910,UP
1705,1721.574951,1671.25,1553.887207,8314336,DOWN
1692.5,1741.5,1682.525024,1592.715088,8196574,UP
1733.5,1780,1733.5,1624.383789,12135034,UP
1762.5,1772,1710,1584.316162,4501330,DOWN
1725.974976,1774.5,1718.800049,1621.102173,3458558,UP
1765.25,1766.099976,1735.650024,1606.254517,3158046,DOWN
1754.900024,1763,1735.199951,1598.039429,3761550,DOWN
1746,1748.5,1735,1597.534424,2347244,DOWN
1745,1745,1705.449951,1570.088257,3484426,DOWN
1717.349976,1743.25,1698.349976,1579.382446,2992820,UP
1720.099976,1747.375,1720.099976,1601.458252,2615050,UP
1751.474976,1755.574951,1720.099976,1583.994995,3858678,DOWN
1727.099976,1742.5,1721.25,1586.611084,2627876,UP
1728.5,1735.5,1705.400024,1575.871094,2433894,DOWN
1725,1747.900024,1716.849976,1598.29126,1952890,UP
1739.974976,1754.5,1737.625,1603.56958,1648450,UP
1756.474976,1766.574951,1738,1602.605835,2968048,DOWN
1740.400024,1758.849976,1729,1607.310303,1874996,UP
1764.349976,1796,1759.025024,1632.415649,3446178,UP
1779,1787.474976,1746.849976,1610.453979,1857416,DOWN
1762.5,1772.5,1740.5,1604.120483,1507298,DOWN
1755,1807.5,1751.175049,1653.963501,2962316,UP
1812.5,1837.400024,1786.275024,1645.748413,3769772,DOWN
1808.25,1808.25,1743,1607.310303,3716798,DOWN
1764.949951,1772,1744,1617.155151,3525312,UP
1754.525024,1766.5,1741.25,1612.84082,3779106,DOWN
1734,1759.050049,1726.099976,1611.452393,5049371,DOWN
1754,1757.5,1716.300049,1603.492554,1603856,DOWN
1745,1749,1712.599976,1614.414063,1681483,UP
1744,1751.900024,1711.150024,1593.450195,2449568,DOWN
1723,1734.900024,1715.199951,1597.29126,2236512,UP
1725,1749,1723.800049,1606.362183,2414762,UP
1735,1757.300049,1735,1617.052124,2582138,UP
1747.099976,1763,1743,1619.458496,2179378,UP
1757,1785,1753,1648.428833,4608875,UP
1816,1831.650024,1798,1688.320435,5370983,UP
1830,1832.300049,1784,1654.491089,3819998,DOWN
1800,1847.099976,1788.599976,1703.083374,9183574,UP
1867.949951,1867.949951,1822.150024,1692.855591,4674987,DOWN
1822.150024,1839,1821,1688.690796,3245034,DOWN
1832,1836.300049,1818.599976,1686.793213,3107695,DOWN
1832,1832,1817.599976,1683.923828,2910659,DOWN
1827,1827,1799.550049,1675.084961,2949458,DOWN
1811.900024,1822.349976,1806,1683.831665,2083217,UP
1823,1861,1821,1714.143677,4679712,UP
1860,1885.150024,1851.25,1719.697021,4081208,UP
1865,1871,1826.300049,1705.535767,4888125,DOWN
1844.900024,1867.400024,1842.300049,1710.209839,3506276,UP
1852,1857.800049,1841.099976,1713.541992,2650290,UP
1859.949951,1879.900024,1857.050049,1734.55249,3242233,UP
1879.900024,1879.900024,1857.150024,1727.240479,2700614,DOWN
1873,1887.5,1862.099976,1740.33728,2472571,UP
1882.849976,1921,1881.650024,1770.556641,3713781,UP
1924,1924.400024,1876.5,1742.836182,6151747,DOWN
1898,1898.900024,1870.75,1735.524048,5303302,DOWN
1900,1998,1894.150024,1832.523438,22903802,UP
1984,1990.900024,1960.5,1824.609497,6921701,DOWN
1975,1997.900024,1974,1833.634277,4148185,UP
1990,1996,1977.449951,1841.130981,2582159,UP
1989,2009,1981,1856.850952,3315492,UP
2005,2011.699951,1993.050049,1855.088989,2013869,DOWN
2002.099976,2010.449951,1970,1837.606812,1746318,DOWN
1984.900024,2000,1984,1851.703857,1934995,UP
2001,2009.949951,1986,1860.097168,2086201,UP
2015,2015,1984.150024,1853.929443,2038423,DOWN
2001.900024,2002,1968.400024,1837.699707,1535492,DOWN
1974.949951,1985,1955.099976,1822.11853,3503036,DOWN
1960.849976,1964.650024,1940.300049,1802.689087,2033977,DOWN
1943,1954.699951,1931.550049,1803.477539,1579251,UP
1942,1947,1928,1799.396729,2204803,DOWN
1949.949951,1981.550049,1949.800049,1833.062378,2425180,UP
1980,1985,1945,1807.001587,1509287,DOWN
1956.5,1982.050049,1956.5,1835.79834,1505131,UP
1997,1998.949951,1972.25,1832.181519,1532249,DOWN
1978.199951,1979.150024,1960.5,1824.576416,1353521,DOWN
1972,1978.300049,1962,1830.743774,1315062,UP
1980,1980.800049,1966,1831.068237,2060297,UP
1980.949951,1996.5,1972.050049,1848.457397,2784105,UP
1997.800049,2004.25,1990,1854.99585,3559575,UP
1992,2024.599976,1982.400024,1858.149292,3311765,UP
2000.300049,2020.050049,1995,1862.73999,2152065,UP
2013.849976,2021.900024,2004,1866.681885,1213731,UP
2024,2024,2003.699951,1864.084595,1587032,DOWN
2010.150024,2024,2004,1871.226074,1376866,UP
2022.800049,2038,2020.300049,1887.409546,3046791,UP
2035.099976,2046,2031,1894.736328,1570533,UP
2043,2059,2035,1902.062866,1532702,UP
2055,2072,2052,1919.035034,1987983,UP
2072.5,2076.600098,2045.599976,1921.631958,1525867,UP
2068,2085,2065.5,1931.276733,2408020,UP
2082.300049,2092,2074,1927.567139,2504554,DOWN
2084.800049,2090,2048.399902,1903.917725,1439711,DOWN
2059.800049,2104.75,2056.949951,1946.579468,4420803,UP
2100,2107.25,2075.050049,1928.355713,1681106,DOWN
2075,2081.5,2060.300049,1924.692139,2238097,DOWN
2079.300049,2084,2065.399902,1928.912231,1312182,UP
2084.399902,2093.399902,2074.25,1929.746704,1530539,UP
2089,2089,2042.199951,1897.750488,3679745,DOWN
2052.350098,2068.899902,2040,1895.617188,2307661,DOWN
2044,2071.550049,2018.150024,1915.51062,3642038,UP
2070,2077.800049,2054.550049,1923.625488,1033857,UP
2073,2078.800049,2057.600098,1920.47229,1456507,DOWN
2071.899902,2089,2066.850098,1927.10376,1301268,UP
2077,2121,2050.149902,1950.521118,4508530,UP
2115,2210.5,2098.149902,2038.904907,3032226,UP
2204.899902,2211.899902,2153.800049,2024.76123,2868778,DOWN
2187,2199,2135.100098,1986.690552,1970951,DOWN
2141.899902,2209.699951,2135.800049,2030.002319,3311802,UP
2178,2190,2158.850098,2025.225586,2904371,DOWN
2190.899902,2275.949951,2190.350098,2091.861328,3772208,UP
2250.300049,2255,2155.600098,2005.888794,3902322,DOWN
2156.600098,2156.649902,2056.350098,1914.954224,4762419,DOWN
2050,2120,2020.900024,1950.057373,3417624,UP
2102.649902,2122.199951,2048.149902,1926.778931,2010154,DOWN
2080.350098,2107.649902,2053.199951,1939.994995,1867130,UP
2100,2105.949951,2029,1895.292725,2749573,DOWN
1985,2013,1941,1836.261963,4700256,DOWN
1978,1978,1903,1779.086182,9373289,DOWN
1940,1955.550049,1920,1808.021973,2638151,UP
1958,1971.900024,1935,1819.892822,2815425,UP
1970,1989,1920,1789.380371,2779207,DOWN
1929,1929,1870.050049,1774.356079,3428776,DOWN
1914,1916,1886.949951,1764.896484,1778496,DOWN
1888,1898,1837,1713.455078,2752811,DOWN
1852.050049,1874,1811.099976,1717.962524,2735913,UP
1844,1876.900024,1825.050049,1722.144775,2507233,UP
1853.900024,1853.900024,1791.099976,1672.050903,2285970,DOWN
1808.699951,1877.949951,1784.349976,1738.873657,2609483,UP
1867,1909.400024,1845,1760.992798,2404883,UP
1900,1943.900024,1875.449951,1801.281494,2769190,UP
1943.650024,1944.349976,1901.300049,1799.051147,2769759,DOWN
1934.199951,1954.599976,1905,1778.325806,1818635,DOWN
1910,1927.349976,1884.75,1757.321899,1713366,DOWN
1894,1937.5,1891,1796.216431,1398710,UP
1940,1949,1937,1804.999023,144530,UP
1961,1961.949951,1905,1774.375732,2570479,DOWN
1908.5,1946.099976,1908.5,1779.627075,2552008,UP
1915,1939,1903,1798.307373,1418432,UP
1925,1929.900024,1870,1747.842407,2422318,DOWN
1864,1899,1857.599976,1740.592773,1829123,DOWN
1889,1899.800049,1870.25,1753.371826,1829729,UP
1899,1907.349976,1864.300049,1768.102661,1740628,UP
1902,1902,1874.199951,1745.611694,1190182,DOWN
1871,1871.050049,1798.550049,1684.040039,3840461,DOWN
1820,1847.599976,1809.949951,1684.551514,3194219,UP
1819,1860,1784.5,1715.732056,4333177,UP
1854,1897.900024,1835.349976,1756.76416,3344839,UP
1889,1989,1882.5,1843.800903,5313249,UP
1997,1997,1942.550049,1822.099731,4035441,DOWN
1966,1991,1959.849976,1829.255859,5268901,UP
1984,1990,1968.300049,1842.406738,1610576,UP
1983,2019.400024,1971,1868.847534,3270615,UP
2006,2018,1985,1865.037109,2501539,DOWN
1998,2017,1979.599976,1851.97937,2321216,DOWN
1985.050049,2003.900024,1973,1854.302979,1680420,UP
1975,2011,1960,1836.272949,2010786,DOWN
1970,2010,1961,1858.763794,2942014,UP
2001.099976,2022,1984.949951,1874.377808,2219993,UP
2024,2029.699951,1974.5,1842.592773,3748429,DOWN
1983,1998.949951,1975.25,1849.237793,2473761,UP
1999,2004.900024,1985,1853.466553,1227921,UP
1991.900024,2002,1976.400024,1847.471924,1768742,DOWN
1984.800049,1984.800049,1960.050049,1829.442139,2498833,DOWN
1953.800049,1974.900024,1946,1816.058838,1940277,DOWN
1948,1950,1886.550049,1761.922363,3729956,DOWN
1905.800049,1938.900024,1905,1783.019531,1864116,UP
1921.800049,1921.800049,1870.25,1755.78833,2446614,DOWN
1909,1941.699951,1872.099976,1774.143555,4968201,UP
1915,1920,1893,1762.154785,2239130,DOWN
1908,1909,1886.150024,1759.366455,1879740,DOWN
1896,1910,1885,1768.427856,1094883,UP
1905,1934.449951,1900,1787.480347,2100463,UP
1919,1944.949951,1893.099976,1765.779053,2611668,DOWN
1900,1901.199951,1841,1744.310547,4280862,DOWN
1891.800049,1908.800049,1881,1763.874023,1856423,UP
1905.400024,1906.400024,1883.300049,1759.831299,1691756,DOWN
1907.400024,1919,1866.699951,1753.697266,2414376,DOWN
1890,1905,1872.099976,1755.184326,3053461,UP
1870,1875,1835,1712.432739,9209862,DOWN
1850,1851,1810,1685.201782,3615370,DOWN
1810,1869.349976,1808,1735.899536,7711653,UP
1870,1875,1847,1738.083496,2359280,UP
1878,1898,1871.300049,1764.30188,2625816,UP
1881,1904.199951,1876,1770.216064,1683728,UP
1902,1932,1895.449951,1777.713623,2409803,UP
1907.099976,1918.25,1890,1771.380493,2457093,DOWN
1901,1906.099976,1870,1746.885132,2578169,DOWN
1884.800049,1905.25,1875,1771.054199,1962927,UP
1902,1935,1901,1788.983398,2327080,UP
1933,1962,1925.5,1820.836182,2769033,UP
1962,1989.050049,1936.650024,1846.681885,2557626,UP
1979.599976,1989.5,1954.650024,1845.424438,2429575,DOWN
1987,2019.75,1985,1875.880371,4094319,UP
2009.5,2034.75,1998.099976,1890.642456,3064163,UP
2029.949951,2055.449951,2023,1909.549561,1590764,UP
2050,2055,2028,1904.240723,1111404,DOWN
2049.899902,2086.850098,2041.050049,1932.414917,1789812,UP
2074.75,2097.949951,2067,1939.958984,1339945,UP
2075,2089.5,2051,1919.934326,1684474,DOWN
2060,2096,2048.899902,1924.125488,1778730,UP
2070,2070,2018,1910.807007,2422903,DOWN
2060.050049,2075,2033.050049,1904.287476,1724085,DOWN
2049,2052,2010.949951,1890.40979,1930065,DOWN
2037.599976,2041.949951,1962.650024,1835.086182,2942184,DOWN
1970,1971,1892,1774.081177,4408554,DOWN
1915,1933.800049,1881.300049,1783.348511,4645778,UP
1914.75,1940,1897.050049,1782.835938,4683919,DOWN
1917.199951,1930,1905.099976,1793.500366,2271955,UP
1932.5,1990,1930.5,1848.916992,2934880,UP
1984,2045.150024,1972.25,1898.792236,6453309,UP
2040,2074.949951,2022,1916.860962,4732082,UP
2060,2071.350098,1977.599976,1847.333862,8454295,DOWN
1995.050049,2005,1980.349976,1858.463745,4148548,UP
2005,2007,1976.599976,1851.664673,2449622,DOWN
1989.300049,2015,1985.050049,1862.37561,2635047,UP
2005,2024.050049,2000.199951,1875.135498,2539884,UP
2025,2033,2010.050049,1883.890381,2031071,UP
2028.900024,2033,2003.650024,1876.532593,3111689,DOWN
2014.050049,2024.800049,2003,1874.34375,2658550,DOWN
2013,2015.900024,1978.599976,1863.213623,1833163,DOWN
2004.949951,2007.800049,1981,1851.012817,1905495,DOWN
1998.900024,2068.949951,1991,1899.956543,5184318,UP
2043,2064.600098,2011,1883.983521,2349915,DOWN
2030,2030,1995.099976,1883.983521,2373993,DOWN
2028,2044.800049,2000,1876.765503,3091165,DOWN
2015,2016,1983.300049,1868.010376,3148149,DOWN
2007.800049,2007.800049,1977.199951,1848.078857,2429205,DOWN
1984,1994.949951,1958.050049,1846.588745,2316539,DOWN
1994,1998,1961,1832.851318,2266166,DOWN
1980,2014.599976,1972.800049,1863.027466,4054489,UP
2010,2039.949951,2008.25,1892.226196,2095740,UP
2037.099976,2086,2037,1936.605957,3719663,UP
2085,2089.600098,2058.100098,1936.605957,2939886,DOWN
2078.149902,2079.699951,2007.400024,1876.25293,4397518,DOWN
2028.650024,2054.399902,2018.800049,1907.733398,3152103,UP
2059,2075,2032.699951,1928.6427,2194294,UP
2070,2098,2057.649902,1947.96875,2690970,UP
2083,2085.5,2036,1900.236084,3313062,DOWN
2045,2055,2013.650024,1880.90979,3422442,DOWN
2038,2039,2007,1876.25293,3198471,DOWN
2070,2119.800049,2041,1968.272583,9189201,UP
2120,2155.949951,2115.550049,1985.503052,5771952,UP
2149.899902,2155,2114.199951,2002.50061,3413728,UP
2148,2176,2145.600098,2013.118408,2007135,UP
2163,2165.5,2134.050049,2007.157471,2163524,DOWN
2158,2195,2156.100098,2033.608276,3003071,UP
2175,2205,2168.050049,2044.365356,4211526,UP
2203,2243.949951,2193.149902,2084.927979,2716958,UP
2238.550049,2266.949951,2230.100098,2105.231201,3488395,UP
2255,2259.399902,2211.100098,2063.366211,2457699,DOWN
2185,2186.050049,2125,1985.689331,3780886,DOWN
2110,2165,2108.5,2009.765869,2891422,UP
2160.050049,2184.350098,2138.800049,2004.270386,2201698,DOWN
2151,2168,2130.399902,2005.108765,1824895,UP
2145,2184.100098,2136.100098,2023.457275,2264162,UP
2175,2192,2125.850098,1989.228638,2039633,DOWN
2133,2167,2121.649902,1982.662598,1701744,DOWN
2135,2159.800049,2072.350098,1948.760376,2456110,DOWN
2097,2124,2084.5,1951.601074,2346876,UP
2096,2124,2077.050049,1964.03479,1946529,UP
2112.600098,2135,2090,1951.647705,1947908,DOWN
2125,2151.399902,2050,1996.819214,2625116,UP
2148.050049,2148.699951,2102.550049,1964.966553,1863157,DOWN
2110,2121.949951,2075,1938.887939,2595795,DOWN
2098,2115.350098,2050,1913.089111,2541294,DOWN
2070,2070,2032.25,1907.454102,2274208,DOWN
2054.800049,2068.949951,2040.099976,1914.113037,2329820,UP
2060,2097.5,2045,1931.437134,5872979,UP
2080,2123.699951,2077.100098,1962.917358,3281320,UP
2123,2156.550049,2114.399902,1999.008301,4971725,UP
2160,2204.949951,2152.25,2045.809204,4265370,UP
2201,2247.649902,2185.649902,2088.42041,3682419,UP
2224,2224,2175,2049.736816,2408658,DOWN
2199,2199,2152,2033.776001,3735467,DOWN
2174,2189.800049,2142.100098,2048.469482,2659446,UP
2196.699951,2235.850098,2185.5,2095.18042,2080593,UP
2237,2263.949951,2231,2115.178955,3048937,UP
2245,2266.899902,2219,2122.783936,2404448,UP
2264,2285,2243.050049,2116.399902,3320916,DOWN
2257.25,2263.100098,2234,2116.775391,2131408,UP
2256,2262,2241.449951,2111.798828,1489497,DOWN
2244,2260,2231.199951,2113.348389,1877447,UP
2255,2276,2243.149902,2121.845215,1652817,UP
2230,2284,2212,2138.792725,2199377,UP
2285,2292.5,2242,2112.408936,3871804,DOWN
2254.149902,2280,2250.800049,2136.492432,1382424,UP
2270,2274.449951,2250.5,2129.262695,1386077,DOWN
2265,2266.800049,2250,2116.493164,1762224,DOWN
2255,2264,2241.300049,2114.94458,2813464,DOWN
2260,2261.949951,2222.5,2091.142822,2372928,DOWN
2235,2255,2206.600098,2102.738525,2769940,UP
2244.899902,2257,2216.449951,2114.522217,1771746,UP
2252.199951,2258.800049,2232,2100.95459,1656881,DOWN
2234,2252,2230.100098,2105.649902,984140,UP
2247,2250,2140,2030.958618,4088470,DOWN
2149,2188.800049,2132.100098,2042.507202,2788062,UP
2174,2174.399902,2104.550049,2003.026123,3977224,DOWN
2080,2127.850098,2071.300049,1979.412109,6343581,DOWN
2128,2129,2086.050049,1974.107788,2400346,DOWN
2102.100098,2119.75,2093.100098,1978.848999,1560725,UP
2125,2153.600098,2098,2014.62146,2900415,UP
2126,2132.5,2100,1981.965454,2735399,DOWN
2108,2125,2092.100098,1992.552979,1802969,UP
2116.199951,2116.199951,2060,1944.274048,3072096,DOWN
2077,2097,2062.5,1954.626221,1953177,UP
2077,2117.449951,2068.800049,1985.63562,1920167,UP
2127.899902,2130,2102.399902,1988.035156,3538588,UP
2110,2120.800049,2076.5,1973.307251,2413196,DOWN
2108.899902,2135,2092.550049,2002.575073,2544464,UP
2129.800049,2129.800049,2095,1984.835938,1720592,DOWN
2110.800049,2142,2103.300049,2004.552002,1647090,UP
2130,2185,2120.449951,2050.806885,2851672,UP
2171.75,2211.699951,2147.149902,2075.793213,3000677,UP
2200,2217.5,2166.25,2051.654297,2375236,DOWN
2173,2210,2165.5,2075.416992,2500816,UP
2199.899902,2252.25,2195.600098,2116.166992,3039682,UP
2232.800049,2251.949951,2211.449951,2084.451416,2885467,DOWN
2230,2238.5,2207.25,2083.08667,2165362,DOWN
2228.899902,2281,2218.899902,2125.107422,2073298,UP
2260,2267.899902,2241.350098,2113.955566,1744550,DOWN
2245,2246.25,2194.300049,2069.911377,1647281,DOWN
2181.100098,2217.850098,2167.399902,2074.570068,1945002,UP
2241.399902,2241.399902,2143.25,2037.584595,3755507,DOWN
2180,2186,2157.699951,2035.608398,974884,DOWN
2172,2205,2166.5,2057.959473,1843611,UP
2184.949951,2202,2182.25,2057.44165,1214408,DOWN
2187,2235.649902,2170,2085.486572,2131601,UP
2214.949951,2259.899902,2213.899902,2115.319824,2826425,UP
2247,2282,2225,2142.235352,2345475,UP
2270,2274.850098,2229,2104.779785,3432106,DOWN
2240,2252.149902,2216,2107.367676,1294621,UP
2222.199951,2248.199951,2222.199951,2101.90918,1670652,DOWN
2241,2266,2218,2126.518799,2583625,UP
2270,2296.199951,2236.949951,2118.990479,2545060,DOWN
2265,2270,2233,2113.155762,2228092,DOWN
2242.199951,2253.649902,2207.300049,2084.827881,2055943,DOWN
2216,2233.5,2192.600098,2068.076416,1890550,DOWN
2200,2202.850098,2179.800049,2054.289307,1703945,DOWN
2186,2195,2146.550049,2027.138428,2627440,DOWN
2155,2165,2120.350098,2007.939941,2118859,DOWN
2135,2157.949951,2115.550049,2015.797729,2291174,UP
2159.949951,2173.399902,2126.399902,2023.374023,2597948,UP
2154.949951,2156.550049,2105.600098,1997.634521,2796530,DOWN
2126.399902,2142.949951,2113.149902,2012.598267,1454663,UP
2135,2135.800049,2091,1978.153564,1652691,DOWN
2104.899902,2129.399902,2057,1943.803467,6941979,DOWN
2099,2099,1975,1897.077881,6323401,DOWN
2015,2061,2013,1924.275513,4620978,UP
2065,2092,2060.050049,1965.44873,4002232,UP
2097.899902,2107,2063,1964.649048,4234281,DOWN
2085,2085.199951,2051.399902,1935.051392,2046795,DOWN
2061.850098,2104,2060,1975.660156,2620039,UP
2095.949951,2095.949951,2039.699951,1938.627686,3342877,DOWN
2070,2081.149902,2046.150024,1938.909668,2317618,UP
2060.600098,2087.949951,2054.949951,1956.88501,2163251,UP
2080,2094.5,2041,1927.098999,2177916,DOWN
2060,2060,2015.5,1901.124512,2066920,DOWN
2028,2039.050049,1997.099976,1886.396118,2881452,DOWN
1931,1995,1925,1869.832886,12593069,DOWN
1995,2032.75,1968,1901.971558,3510704,UP
2032,2047,2022.699951,1917.311646,2261310,UP
2038,2056,2016,1925.875488,3034082,UP
2014,2038,1999.300049,1949.440063,3818774,DOWN
2037.5,2063.899902,2025,1974.78064,3087901,UP
2080,2111.5,2040.050049,1969.069214,5552505,DOWN
2060,2083.850098,2052.5,1987.018921,2348134,UP
2084,2099,2061.300049,1998.441284,2798671,UP
2094,2130,2075.050049,2039.667847,3954245,UP
2129,2129,2108.800049,2030.78894,224405,DOWN
2121.5,2201.699951,2121.5,2106.762451,5064173,UP
2225,2260,2176.850098,2162.386719,5195136,UP
2250,2284.949951,2237,2178.559814,4879261,UP
2264,2275,2195,2112.569336,4172620,DOWN
2207,2229.199951,2180.899902,2105.898926,2646411,DOWN
2197,2211,2169,2113.481445,2693475,UP
2200,2210.800049,2179,2100.667236,2540719,DOWN
2204.5,2204.5,2175.199951,2097.643799,1915598,DOWN
2189.600098,2189.600098,2124,2044.466431,2788759,DOWN
2135,2139,2091,2016.630981,2983768,DOWN
2118,2183.800049,2118,2091.164551,3823365,UP
2187.5,2200,2146.699951,2108.634033,2995915,UP
2196,2211.5,2168.75,2087.180908,2724180,DOWN
2178.399902,2187.75,2148.75,2066.208008,1611089,DOWN
2153,2154.649902,2105,2024.165771,2975313,DOWN
2121.949951,2135,2094.5,2023.92627,2894129,DOWN
2112,2126.600098,2107.399902,2033.092651,2052574,UP
2097,2107,2060.5,1988.554565,3742049,DOWN
2074.550049,2084.949951,2052.199951,1997.961426,2737010,UP
2089.850098,2097.899902,2035.050049,1964.510132,6561580,DOWN
2052,2071.699951,2046.550049,1971.853027,2907521,UP
2067.050049,2094.399902,2060,1993.978271,2924429,UP
2085,2085,2045.800049,1970.845093,2064271,DOWN
2060,2067.699951,2016,1939.9375,3809860,DOWN
2027.699951,2062,2010,1968.685303,4664774,UP
2053,2082,2045.5,1995.081543,3334301,UP
2083,2126.800049,2068.350098,2036.164551,3902721,UP
2124,2128,2101,2038.371826,1829461,UP
2127.949951,2127.949951,2053.5,1977.756226,2244747,DOWN
2060,2060.850098,2003.25,1932.066528,4520045,DOWN
2025.400024,2048,2006.75,1959.950806,4943024,UP
2051.100098,2083.649902,1984,1939.793701,7137306,DOWN
2023,2077.399902,2007,1988.122803,5711133,UP
2096,2136,2080.300049,2041.39502,5574177,UP
2126.5,2169,2119,2078.061768,6059673,UP
2174,2203.449951,2153,2080.749756,8251081,UP
2179.800049,2236.5,2167.550049,2139.589355,6251505,UP
2220,2246.699951,2208.25,2133.686523,5548338,DOWN
2210,2241.949951,2210,2142.133545,2247329,UP
2239,2243.550049,2211.149902,2126.679688,1805896,DOWN
2216.399902,2229,2195.199951,2113.577148,1880367,DOWN
2208,2226.399902,2176,2110.266113,2720261,DOWN
2207,2225,2177.100098,2095.579834,2288830,DOWN
2189,2197,2157.449951,2074.942383,1909289,DOWN
2168,2183.899902,2154,2080.605957,1354908,UP
2179.949951,2179.949951,2149.199951,2071.055176,2380752,DOWN
2164,2223,2164,2112.32959,4655761,UP
2205,2225.949951,2187.899902,2112.137695,3023209,DOWN
2200.5,2214.649902,2183.800049,2117.320557,2429317,UP
2205,2260,2202.050049,2164.738281,5197454,UP
2248.75,2251.949951,2210,2125.479736,3734173,DOWN
2228,2234,2208,2124.711914,1915807,DOWN
2217.850098,2218.949951,2184.699951,2102.442871,2843893,DOWN
2195,2229.800049,2195,2118.328369,2948452,UP
2213,2231,2194.199951,2137.526123,2620681,UP
2226.949951,2249,2215,2148.94873,3117214,UP
2240.75,2253.550049,2213,2130.038818,3281059,DOWN
2194.899902,2242.199951,2156.199951,2083.245605,5817599,DOWN
2169.949951,2186.550049,2158.050049,2083.91748,1902980,UP
2181,2210,2173.699951,2118.328369,1773686,UP
2209.800049,2217.75,2183.699951,2107.794434,2069866,DOWN
2190.949951,2190.949951,2170,2100.531006,1319430,DOWN
2189.699951,2193.449951,2165,2086.91748,1549101,DOWN
2174,2187.800049,2152,2100.86792,1743024,UP
2185,2186.949951,2150,2072.82373,2306761,DOWN
2160,2165,2125,2056.709473,2098567,DOWN
2139.399902,2144.350098,2071.600098,2000.141479,3287223,DOWN
2152,2194.699951,2093.199951,2022.701294,4728073,UP
2129,2136.699951,2086.600098,2027.752441,3509339,UP
2115,2156.699951,2104.300049,2065.079346,2439322,UP
2145,2174.199951,2115.5,2047.570068,2640065,DOWN
2139,2151,2119,2055.458984,2083442,UP
2140.899902,2167,2119,2079.89502,2383032,UP
2163,2174.800049,2147.600098,2071.669678,1335820,DOWN
2151.100098,2185,2150,2088.361084,1620407,UP
2172.949951,2197,2171,2108.756592,1645948,UP
2188,2212,2171,2101.300537,1500115,DOWN
2196.949951,2217,2190.199951,2119.62793,1774724,UP
2199.949951,2221,2186.050049,2131.652588,2486223,UP
2215.75,2230,2190.5,2112.989502,1760463,DOWN
2204.5,2214.399902,2151.25,2074.940674,2317278,DOWN
2156,2178.949951,2106.699951,2035.063843,3092877,DOWN
2115.5,2176.649902,2111,2074.314941,2674567,UP
2154,2163.899902,2112.949951,2043.000488,2686842,DOWN
2119.949951,2119.949951,2086.199951,2025.587646,2349001,DOWN
2068,2069.5,1990,1924.235962,4298076,DOWN
2035,2053.949951,1985.699951,1925.342163,2667076,UP
2020,2060,2012,1958.917725,2757585,UP
2056,2094.449951,2025,2004.133911,3237002,UP
2085.699951,2147.75,2084.050049,2044.39563,3937056,UP
2098,2123.649902,2071.600098,2036.121704,2595027,DOWN
2075,2079.899902,1935,1897.490845,4940975,DOWN
1933,1987.300049,1920,1879.549072,6796449,DOWN
1904,1908.400024,1758.349976,1702.676758,8728786,DOWN
1687.900024,1820,1506.050049,1737.743408,8029720,UP
1755,1842.25,1675.849976,1632.014526,7844271,DOWN
1730,1731,1623.150024,1595.072144,5713248,DOWN
1676.800049,1713.550049,1627.75,1591.608765,7258778,DOWN
1559.699951,1685.449951,1546.75,1585.745728,5135111,DOWN
1630,1869,1627,1741.863647,8547498,UP
1620,1750,1617.75,1618.064453,7003490,DOWN
1653.050049,1770,1632.849976,1650.479858,6350865,UP
1700,1810,1680,1696.171753,2765520,UP
1831.599976,1832.050049,1722.550049,1735.564697,4556067,UP
1820,1850,1750.400024,1768.077271,4331250,UP
1766,1905,1763.550049,1723.499878,8513547,DOWN
1837.400024,1855,1780,1769.627563,3927593,UP
1825.900024,1834.75,1702,1655.906738,4941878,DOWN
1740,1740,1650,1603.043579,5735369,DOWN
1710,1785.849976,1705,1720.301758,5427577,UP
1760,1806,1701,1652.708862,6285615,DOWN
1750.449951,1778.800049,1731.199951,1711.531738,5307397,UP
1761,1787,1746,1704.844849,2990438,DOWN
1785,1812,1727.800049,1681.490479,4761399,DOWN
1709.949951,1764.900024,1675.050049,1662.981201,6245533,DOWN
1800,1851.949951,1753,1750.34314,9895823,UP
1830,1830,1802.5,1762.408203,3244282,UP
1765,1794.599976,1727.699951,1683.913086,5122541,DOWN
1737.650024,1790,1719.150024,1714.778198,3829836,UP
1780,1900,1760.849976,1820.165039,5934366,UP
1840.699951,1851.949951,1807.800049,1762.311157,2987102,DOWN
1832.300049,1875,1825,1779.803101,3374741,UP
1865,1868,1832.599976,1801.558716,2678505,UP
1874,1912.550049,1850.050049,1846.717773,4241510,UP
1980,2032,1942.199951,1952.152954,5915544,UP
1966,1966,1913.650024,1870.750488,3729348,DOWN
1955.099976,1977,1927,1872.979492,2905528,UP
1939.800049,1953.699951,1893.599976,1844.730957,3517431,DOWN
1910,1934.449951,1883.349976,1833.150635,3166754,DOWN
1939.099976,1939.5,1886.25,1834.846436,2686530,UP
1909,1951.400024,1909,1875.450806,2449841,UP
1933.400024,1956.5,1910.25,1889.21167,3256595,UP
1994,1994,1925.650024,1889.356934,2656665,UP
1910,1923.099976,1891.099976,1843.519531,2263146,DOWN
1916,1917.400024,1865.199951,1834.362061,3173682,DOWN
1907,1952.949951,1872.099976,1885.432373,3727694,UP
1903,1966.449951,1903,1888.387695,3198693,UP
1950,1962.900024,1931.699951,1893.184692,2778505,UP
1946,1998,1941.150024,1929.621948,3400908,UP
1977.099976,2032,1961.25,1957.870605,3663418,UP
2015,2024,1925,1882.912842,4575317,DOWN
1959,2010,1941.25,1943.286011,3482160,UP
1988.5,2014,1971.300049,1942.316895,3475681,DOWN
1982,2002.650024,1962.400024,1911.354858,7237735,DOWN
1990,2060,1981.099976,1982.000488,3747773,UP
2060.199951,2081,2040.050049,1983.841797,2443886,UP
2051.850098,2063.75,2020,1988.701294,3699799,DOWN
2046.75,2100,2046.75,2032.82666,4048593,UP
2091.600098,2098,2040.300049,1990.74231,3573289,DOWN
2078.25,2095,2062.100098,2013.58252,2957841,UP
2063.100098,2095.5,2060.25,2013.873901,2909439,UP
2077.050049,2132,2073.5,2049.543457,5168397,UP
2100,2105,2061.800049,2009.597778,2269513,DOWN
2011.199951,2049.199951,2011,1982.238159,2842642,DOWN
2039.099976,2059,2000.949951,1972.907471,2399022,DOWN
2065,2073.949951,2031,1988.360962,2146528,UP
2046,2058.850098,2026.550049,1990.305176,2703527,UP
2045,2059.199951,2025.199951,1980.877197,1944389,DOWN
2042,2090,2032,1987.194702,5681758,UP
2050,2052.25,2019.150024,1971.012329,3196138,DOWN
2027,2044,2010,1978.156128,4205944,UP
2034,2064.25,2031.599976,1984.862183,2560937,UP
2035,2060,2009.25,1959.494995,3043931,DOWN
2025,2132,2019.949951,2059.360107,6300722,UP
2108,2127.600098,2091.300049,2042.643188,3076341,DOWN
2100,2111.899902,2075.050049,2023.690674,3071725,DOWN
2079.699951,2113.949951,2079.5,2033.3125,2503466,UP
2102,2165,2098,2096.584717,3758699,UP
2163.649902,2205,2160.25,2137.891602,4185208,UP
2205,2269.899902,2205,2199.656738,5190366,UP
2275,2302.699951,2232.149902,2206.168945,5630055,UP
2270,2274.399902,2207.600098,2156.601318,2793358,DOWN
2229,2244.5,2191.050049,2142.459961,3443998,DOWN
2205.25,2249.850098,2176,2159.953857,9610320,UP
2220,2244.949951,2210,2157.67041,2963503,DOWN
2210,2239,2165,2110.968994,2976738,DOWN
2185,2260,2181.100098,2171.179688,5569321,UP
2244,2333,2220.100098,2176.878418,8582118,UP
2237,2243.899902,2190.050049,2143.758789,4509135,DOWN
2201,2226.899902,2190.800049,2150.723633,2952646,UP
2230,2238.649902,2201.149902,2167.429932,2665286,UP
2231,2231,2184.199951,2134.212646,2861534,DOWN
2190.949951,2190.949951,2163,2114.973877,2265766,DOWN
2154.5,2163,2125.100098,2101.53125,3665100,DOWN
2165,2215,2163.5,2149.652344,4248480,UP
2215,2320,2215,2249.936279,8092319,UP
2292,2342,2246.050049,2217.109131,6090431,DOWN
2285.899902,2358,2272.25,2220.469482,7098496,UP
2303.149902,2334.800049,2257.449951,2222.320313,4723290,UP
2290.449951,2303.850098,2230.699951,2195.775879,4012337,DOWN
2259.949951,2269.649902,2225.050049,2191.440918,2927928,DOWN
2260,2300,2253,2200.987793,3800641,UP
2275,2319.5,2265.350098,2248.329102,4748047,UP
2308,2328,2287,2235.90918,3165491,DOWN
2318,2325,2276.050049,2223.684326,2929353,DOWN
2283,2312,2275.600098,2220.859131,2774423,DOWN
2288.350098,2296.399902,2246.550049,2198.893311,3415751,DOWN
2273,2300,2250.5,2196.067871,2695682,DOWN
2277,2281.300049,2233.100098,2184.08667,2270405,DOWN
2263,2270,2238.25,2195.04541,2625630,UP
2262.800049,2289,2248.300049,2210.971924,3493374,UP
2276.350098,2284.600098,2252.5,2198.162354,2843005,DOWN
2257,2276.550049,2240.050049,2194.509766,2895164,DOWN
2260,2271,2241.050049,2190.369873,1975294,DOWN
2250.600098,2259.949951,2230,2189.882813,2167966,DOWN
2245,2250,2233.550049,2184.57373,1663419,DOWN
2242,2259.899902,2216.449951,2195.142822,2618149,UP
2266,2287.350098,2241.75,2190.174561,3579393,DOWN
2268.399902,2279.949951,2235.100098,2180.580078,2941136,DOWN
2240,2276.199951,2228,2198.795654,6018154,UP
2269,2278,2241.300049,2188.177979,3610908,DOWN
2247,2268.75,2241.649902,2206.490723,2084137,UP
2268,2324,2268,2239.951416,4654146,UP
2275,2324.25,2262.949951,2229.52832,5231303,DOWN
2289,2343.5,2283.350098,2266.78833,4620401,UP
2335.949951,2390.449951,2327.050049,2287.390137,7453998,UP
2325,2359,2320,2267.372559,3866535,DOWN
2335,2348.5,2324.300049,2270.781738,2308813,UP
2330.949951,2383,2330.149902,2312.620361,4145424,UP
2384.100098,2505.75,2381.850098,2426.881836,7512131,UP
2491.399902,2538,2464.600098,2426.881836,7318770,DOWN
2488.949951,2507.600098,2477.300049,2438.181396,3074003,UP
2480,2495.75,2450.600098,2397.220459,4828176,DOWN
2485,2500.399902,2436.399902,2386.457031,4183256,DOWN
2465,2504.899902,2452.149902,2401.458008,4598809,UP
2485,2555,2458,2457.61499,7499613,UP
2510,2519.850098,2409,2403.55249,7502280,DOWN
2450,2450,2302.600098,2271.853516,8424708,DOWN
2368,2440,2352.100098,2359.571533,8228267,UP
2440,2444,2366,2363.467773,4347166,UP
2434.850098,2511.050049,2426.300049,2423.959229,6995811,UP
2489,2505,2460,2427.758789,3917166,UP
2510,2540,2492.300049,2458.102051,2610337,UP
2620,2728.100098,2603.050049,2635.729736,17412105,UP
2736,2736,2650.100098,2644.009766,9846367,UP
2742,2770,2703,2665.098877,9656101,UP
2800,2885,2800,2752.524902,19839329,UP
2810,2829.850098,2780,2740.10498,7739245,DOWN
2815.5,2854,2800.75,2756.713623,4623203,UP
2845,2854.899902,2812.199951,2753.353027,4209878,DOWN
2842,2842,2787.550049,2748.510742,4395936,DOWN
2811,2827.75,2727,2681.010986,6629355,DOWN
2750.100098,2771.649902,2731.300049,2703.217285,5273773,UP
2774,2774,2706.600098,2652.592529,3331194,DOWN
2725,2759.899902,2717.949951,2679.445557,3406273,UP
2739,2749,2663.050049,2617.228516,4570143,DOWN
2661,2686.649902,2638.100098,2613.070801,5262294,DOWN
2687.800049,2702,2670.100098,2628.380615,3499091,UP
2689.949951,2709.949951,2670.5,2629.750244,2672752,UP
2699.75,2718.149902,2624.100098,2572.962402,3537502,DOWN
2650,2655.949951,2606,2565.185547,3569445,DOWN
2608,2655,2600.25,2575.407959,3105968,UP
2636.100098,2674.350098,2621.600098,2606.908203,3427003,UP
2660,2664.850098,2600.050049,2547.968262,2571196,DOWN
2604,2665,2601.050049,2576.337646,2879269,UP
2610,2721.850098,2610,2595.462158,4893928,UP
2685,2710,2667,2627.304688,2816502,UP
2699,2713.25,2681.300049,2648.581787,3884421,UP
2731.100098,2744,2695.100098,2667.31543,3646592,UP
2697.199951,2713.149902,2638.350098,2591.989746,4760020,DOWN
2667.949951,2692.800049,2643.399902,2629.358887,3242441,UP
2686,2713,2661.75,2612.9729,2437505,DOWN
2655.75,2664.899902,2636,2599.082031,2548093,DOWN
2677.949951,2689,2660.050049,2612.28833,298819,UP
2695,2695,2650.050049,2608.082275,2827273,DOWN
2661,2664.199951,2607.050049,2569.53833,2893762,DOWN
2637,2676.149902,2630.850098,2579.565674,4167501,UP
2655,2676,2627.550049,2602.408203,2711471,UP
2690,2730,2665,2665.016357,3706418,UP
2734.399902,2743,2705,2662.864258,3120516,DOWN
2729,2732.949951,2688.199951,2642.565186,3302249,DOWN
2686,2730.949951,2680,2661.445801,2341099,UP
2705,2717.699951,2669.050049,2621.386475,6086808,DOWN
2679,2735.899902,2624.449951,2667.510498,3605017,UP
2719,2754.699951,2702.449951,2689.766357,2509032,UP
2773.899902,2773.899902,2700.800049,2650.538086,2852548,DOWN
2710.800049,2738.850098,2699,2668.244385,2686527,UP
2715,2744,2706.149902,2678.173828,1996400,UP
2740,2805.550049,2732.449951,2736.478271,4277818,UP
2815,2840,2793.149902,2749.68457,3659996,UP
2818,2827.300049,2780.25,2723.760986,2127801,DOWN
2792.699951,2807.699951,2764.550049,2723.075928,1795408,DOWN
2802,2804,2756.25,2736.869385,2483658,UP
2786,2794.699951,2755,2701.505615,2365509,DOWN
2779,2819.800049,2760.449951,2753.010498,2565149,UP
2811,2853.699951,2805,2776.488525,2863460,UP
2868,2898,2846.199951,2798.792725,6076692,UP
2861,2886.5,2785,2758.830811,2705195,DOWN
2834,2883.649902,2818.649902,2810.042725,2881737,UP
2876.050049,2919,2865.449951,2845.504883,2790988,UP
2909,2921.350098,2883.199951,2846.092041,1807144,UP
2910,2949.699951,2902,2865.705566,2108994,UP
2920,2952,2920,2866.781738,1994151,UP
2934.399902,2947.699951,2902,2846.043213,2637968,DOWN
2900,2905,2845,2800.505371,4040956,DOWN
2880,2940,2879,2864.580811,2681440,UP
2950,3050.75,2940.949951,2973.362549,5113293,UP
3039.600098,3114.25,3039.600098,3025.748779,5801309,UP
3100,3113.5,3037.199951,2985.150635,3726716,DOWN
3075,3080.850098,3000.25,2966.857666,3717827,DOWN
3090,3128,3060,3053.041992,5879039,UP
3230,3230,3146.550049,3107.383789,9508039,UP
3176.449951,3210,3150,3105.818848,3611458,DOWN
3175,3177,3126.25,3090.264648,3572801,DOWN
3155,3266.5,3120.399902,3186.071289,6931542,UP
3235,3274,3210,3169.066406,4131692,DOWN
3250,3256.75,3187.399902,3157.696777,4160906,DOWN
3233,3279,3232,3195.872314,2975735,UP
3270,3327.949951,3267.100098,3243.016357,3453446,UP
3305,3309.149902,3262.100098,3208.760742,2778546,DOWN
3241.899902,3325,3241.899902,3237.429688,3052459,UP
3308.949951,3339.800049,3278.649902,3225.864014,2272887,DOWN
3300,3306.449951,3227,3196.215332,2786662,DOWN
3230,3275,3183.800049,3132.997559,3083938,DOWN
3210.050049,3216.850098,3100,3049.491699,5445659,DOWN
3100,3165,3044.100098,3076.935059,3985846,UP
3174,3224,3150,3139.760742,2881837,UP
3213,3236,3162.649902,3136.428223,2505866,DOWN
3216.050049,3237.850098,3176,3125.058594,2057261,DOWN
3198.949951,3205.850098,3129,3095.165039,2366135,DOWN
3189.5,3226,3155.149902,3150.199463,2526592,UP
3195,3245.800049,3164,3113.738525,2658751,DOWN
3185,3219.399902,3157.300049,3149.414795,2127983,UP
3215,3219.300049,3185.050049,3142.260254,1165882,DOWN
3184.199951,3245.5,3182,3127.362061,2777404,DOWN
3209,3209,3131.550049,3077.425293,2630853,DOWN
3150,3167.649902,3100,3046.992432,3435770,DOWN
3105.100098,3132.850098,3045.550049,3012.002441,3678426,DOWN
3065,3097.899902,3031,2996.56543,4189909,DOWN
3058,3087.149902,3016.149902,3010.777344,3725028,UP
3096,3096,2943.149902,2899.631592,5366696,DOWN
2970,3028,2968,2920.949219,3832829,UP
2972,3003.350098,2921.149902,2889.487549,3774549,DOWN
2974,3029.899902,2968.449951,2935.749023,4224073,UP
2960,2972.350098,2880,2836.757324,5553153,DOWN
2926,2965,2901.800049,2866.062744,3265871,UP
2960,3025,2948,2946.579346,3306469,UP
3035,3064,2996.899902,2998.280518,3509857,UP
3023,3081.449951,3016.050049,2989.067383,3916760,DOWN
3016.100098,3063.199951,2996.600098,2948.245605,3203686,DOWN
3016,3033,2996,2947.167725,2003125,DOWN
3006.949951,3066.899902,2992.100098,2990.292236,1942397,UP
3075,3093.199951,3060,3009.89502,3053778,UP
3075,3117,3041.350098,2997.15332,2938317,DOWN
3041,3099,3041,3005.190186,3097083,UP
3060,3141,3060,3048.217773,4894756,UP
3105,3155,3085.300049,3051.060059,3838390,UP
3125.949951,3146.449951,2987.050049,2976.130127,3656306,DOWN
3030,3099,3005,2989.557617,5776626,UP
3048.699951,3139.449951,3018.649902,3067.427979,2821646,UP
3140,3169,3122.850098,3080.120605,3305973,UP
3111.199951,3152.300049,3111.149902,3059.047852,2207104,DOWN
3112.199951,3130.850098,3050,3003.91626,3179786,DOWN
3090.649902,3118,3043.050049,3005.827393,3697370,UP
3083,3188.449951,3060.899902,3095.753174,4694008,UP
3155,3205,3132,3114.669678,3530069,UP
3191.100098,3215,3145,3102.074951,4285076,DOWN
3171,3263,3151,3174.505615,5317862,UP
3275,3275,3230,3199.792725,2291562,UP
3259,3277.550049,3234.800049,3206.359619,2491268,UP
3270,3335,3266.050049,3251.395996,2578118,UP
3354,3354.350098,3308,3256.19873,2911129,UP
3322.25,3338.100098,3213.199951,3182.003906,3791828,DOWN
3214,3214,3073.050049,3042.337158,8654596,DOWN
3160.300049,3237.25,3087.449951,3154.952393,6062760,UP
3229,3247,3182.600098,3131.625488,3224657,DOWN
3169,3189,3135.100098,3098.938721,2679106,DOWN
3225,3225.350098,3126.350098,3082.031982,3141893,DOWN
3148,3148,3105.25,3056.793701,1988980,DOWN
3105,3119,3091.050049,3047.678467,1615309,DOWN
3102.050049,3153,3088.050049,3039.151367,2490260,DOWN
3106,3136.100098,3103,3069.731201,1471417,UP
3149.949951,3151,3112,3061.988281,1639037,DOWN
3145.600098,3157.350098,3105.5,3053.314209,1621395,DOWN
3099,3132.050049,3020,2975.296875,3072305,DOWN
3024.899902,3055,3004,2976.620117,1545831,UP
3062.800049,3090,3035,2989.116455,1990777,UP
3070,3099.399902,3052.399902,3034.152588,1939289,UP
3105.5,3134,3074,3049.589844,1791671,UP
3133,3159.850098,3111.800049,3070.613037,1912540,UP
3145.949951,3164.199951,3125,3082.962891,2137153,UP
3125,3128.100098,3091.149902,3060.518066,2415625,DOWN
3120,3120,3070.600098,3026.214111,1978558,DOWN
3098.5,3098.5,3040,2990.831543,2043935,DOWN
3055,3075.199951,3036,3008.71875,2890462,UP
3100,3124,3078,3027.390137,2098538,UP
3084,3118,3067.100098,3020.725098,1986041,DOWN
3067.100098,3088.800049,3052.100098,2999.162598,2329027,DOWN
3061,3088.199951,3055.100098,3019.254883,1685566,UP
3081.5,3105,3072,3020.235107,1652260,UP
3092,3128.25,3082.100098,3067.018311,1841613,UP
3120,3165,3103.800049,3110.846924,1923753,UP
3161.949951,3217.75,3161.800049,3132.022461,5959785,UP
3189.5,3198,3135.649902,3096.172119,1763701,DOWN
3150,3170.350098,3128.600098,3111.487061,1652799,UP
3168.600098,3169.949951,3132,3105.430176,1377441,DOWN
3150.850098,3159.449951,3115,3082.235107,2240078,DOWN
3154.550049,3154.550049,3122.649902,3093.857666,1281706,UP
3128,3156.850098,3125,3096.31958,1836060,UP
3145,3190.449951,3133.600098,3135.174316,2559821,UP
3198,3231,3187.199951,3151.868652,2574057,UP
3202,3220,3186.199951,3151.967529,1710925,UP
3210,3224,3193,3168.267578,1874324,UP
3211.550049,3309,3211,3224.407715,3452954,UP
3279,3308.699951,3270.350098,3226.919189,1847360,UP
3298,3298,3251.550049,3213.524414,1304985,DOWN
3262.100098,3294.699951,3253,3224.949463,1635552,UP
3265.5,3336.050049,3260,3267.694336,2273413,UP
3350.899902,3358,3275,3247.553223,3380431,DOWN
3265,3286,3251.699951,3223.718262,1130569,DOWN
3304,3327.050049,3285,3251.393799,1708688,UP
3329,3329,3256.399902,3212.19458,1467104,DOWN
3284,3383,3278.5,3322.701904,4155204,UP
3375.25,3399.649902,3350,3329.793457,2722861,UP
3391.5,3391.5,3333,3286.407715,1355238,DOWN
3342,3366.300049,3326.5,3290.446289,1497322,UP
3346,3382,3338.5,3295.271973,1693146,UP
3358,3362,3332.350098,3291.085938,990310,DOWN
3331,3339.699951,3295.199951,3275.27832,1682274,DOWN
3342,3374,3302,3270.895264,1972858,DOWN
3313,3328,3256.100098,3213.081299,2159420,DOWN
3275,3282.699951,3241.600098,3225.540039,2640710,UP
3298,3298,3231.899902,3209.338135,2485811,DOWN
3250,3282,3201,3159.748047,6365067,DOWN
3235,3236,3188.350098,3144.925049,1892226,DOWN
3214,3214,3175,3139.458984,1809339,DOWN
3187,3222,3185,3166.051514,2044279,UP
3227.600098,3231.850098,3194,3161.510742,2232968,DOWN
3213,3219.850098,3192,3153.466309,1256526,DOWN
3180,3199.800049,3176,3143.398438,1597058,DOWN
3184.600098,3215,3156.149902,3164.324219,1811945,UP
3190,3224.949951,3190,3174.737549,2859334,UP
3230,3241.550049,3206.649902,3171.282959,1776193,DOWN
3200,3224.25,3190.850098,3156.180908,1259611,DOWN
3200,3210,3161.149902,3141.769775,1121367,DOWN
3188,3204.449951,3132.399902,3156.42749,1660654,UP
3200.25,3225.449951,3190.300049,3154.453613,1731997,DOWN
3219,3223.5,3162.350098,3126.469971,2999943,DOWN
3180,3224.899902,3167,3177.748047,2608669,UP
3229,3290,3218.949951,3242.400635,3804735,UP
3300,3305.199951,3261.199951,3231.592285,2929598,DOWN
3275,3315,3262.5,3241.462891,2534521,UP
3272.550049,3324,3265,3266.97876,2292362,UP
3323.899902,3337,3310,3279.71167,1510489,UP
3315.600098,3349.899902,3315.600098,3290.766846,2040777,UP
3350,3360,3327.100098,3300.93335,1929707,UP
3326,3368,3326,3308.385742,1310205,UP
3360.75,3480,3357.5,3418.591309,4363584,UP
3460,3494.350098,3436.5,3428.017578,2083489,UP
3482.100098,3560.800049,3463,3507.081543,4336019,UP
3573.850098,3595,3536.600098,3514.484375,2631309,UP
3506,3575,3500,3513.447998,2836148,DOWN
3580,3673,3561.899902,3590.339844,3744176,UP
3657,3667.350098,3594.399902,3566.453125,2511141,DOWN
3610,3697.75,3607.050049,3611.660645,2123263,UP
3660,3687.600098,3647.899902,3624.344482,1902533,UP
3666,3729.5,3651.100098,3672.019287,3944728,UP
3715,3740.350098,3687.600098,3653.413574,2033114,DOWN
3709.399902,3804.100098,3703.449951,3737.46167,3207480,UP
3796,3816.699951,3707,3666.886719,2643336,DOWN
3734,3859.149902,3722,3787.11084,3403717,UP
3825,3856.899902,3804.550049,3792.342529,1746812,UP
3849.699951,3877.600098,3814,3802.163574,1723693,UP
3864,3869.949951,3808.25,3766.530518,1585039,DOWN
3810,3815,3756,3725.320801,4147175,DOWN
3789.699951,3808.699951,3765,3742.347656,1441148,UP
3767,3852.399902,3767,3795.599854,1691473,UP
3849.949951,3896.5,3825,3835.625244,1991188,UP
3882.100098,3980,3866,3903.386963,2461369,UP
3930,3981.75,3892.100098,3852.800049,2946666,DOWN
3920,3945,3805,3778.326416,6477148,DOWN
3809,3871,3807.850098,3774.032471,2002008,DOWN
3858,3871.550049,3821.649902,3812.971924,1568129,UP
3862.5,3896.850098,3852.449951,3812.182373,1744067,DOWN
3870,3879,3835,3819.19043,2003869,UP
3890,3944.399902,3855,3821.213867,2320754,UP
3900,3904,3802.899902,3787.30835,1673362,DOWN
3850,3850,3751.25,3730.256104,2253075,DOWN
3759.800049,3806,3722.149902,3742.841309,2489161,UP
3805,3805,3750.100098,3726.702881,2252412,DOWN
3781.75,3810,3725,3681.939453,1578374,DOWN
3724.800049,3783.649902,3707.449951,3724.481934,1356860,UP
3754,3840,3741.600098,3783.705322,1877966,UP
3836,3857.449951,3795,3761.595215,1678154,DOWN
3830,3899,3820.050049,3842.534424,1647233,UP
3925,3989.899902,3900,3884.731445,2934339,UP
3755,3757.5,3660,3637.916748,11845402,DOWN
3706,3707,3630.600098,3605.590332,5752877,DOWN
3650,3675.449951,3645,3607.909912,3545655,UP
3625,3670,3608.199951,3571.56543,6442299,DOWN
3603.449951,3652.699951,3601.449951,3606.871338,3590107,UP
3669,3690.100098,3625.199951,3594.014893,3135441,DOWN
3612,3630,3578.300049,3568.994385,2933693,DOWN
3604.100098,3607.449951,3511.25,3493.487793,4871211,DOWN
3560,3561.600098,3485,3460.209473,2691670,DOWN
3503,3514.550049,3450,3454.374512,2595594,DOWN
3494.5,3529,3475,3444.138672,3878763,DOWN
3483,3511.25,3483,3451.209717,2510813,UP
3518,3518,3415,3383.861816,2424942,DOWN
3400.050049,3461,3385.949951,3360.22583,3960501,DOWN
3437.949951,3487,3412.949951,3438.00708,2020718,UP
3494,3513.600098,3469.75,3445.721191,3087414,UP
3504.199951,3519.899902,3466.050049,3453.682373,1537639,UP
3512.949951,3513.25,3505,3469.900879,328991,UP
3548,3548,3481.199951,3464.066162,2526082,DOWN
3508,3535,3496,3466.983643,1782692,UP
3498,3519.699951,3480.199951,3445.820068,1516489,DOWN
3480,3510.050049,3436,3449.676758,1284514,UP
3506,3534.149902,3485.699951,3487.109131,1747259,UP
3528,3569.600098,3528,3514.057861,1809157,UP
3569,3575.550049,3542,3517.123779,2013204,UP
3550.600098,3562.850098,3506.399902,3483.004639,1632914,DOWN
3515.149902,3520.850098,3451.600098,3437.315186,2136598,DOWN
3478.399902,3515.949951,3440.300049,3420.206055,3167936,DOWN
3445,3480.949951,3407.800049,3425.991455,2153461,UP
3472.199951,3493.050049,3424,3405.272949,2161746,DOWN
3443.899902,3463,3434.050049,3407.843994,1849619,UP
3425,3490,3411.899902,3408.783691,1941251,UP
3447.149902,3529.350098,3406.449951,3463.324707,2981745,UP
3491,3563.75,3491,3490.174561,5588446,UP
3535,3590,3535,3538.287598,2102118,UP
3589.199951,3648,3574.100098,3602.668213,3152938,UP
3646.449951,3665.949951,3630.850098,3600.245361,2486263,DOWN
3640.449951,3658,3522,3497.344482,1849642,DOWN
3562.5,3598,3524.300049,3544.913574,1484458,UP
3601,3646.449951,3601,3586.844971,1428660,UP
3610,3634.75,3566,3561.9729,1567957,DOWN
3585,3642,3575.100098,3596.635986,1510718,UP
3650,3662,3601.699951,3569.785645,1883864,DOWN
3605,3635,3576.699951,3583.779297,1747007,UP
3620,3623,3558.149902,3530.919922,1603233,DOWN
3582,3608.449951,3570,3542.045654,2072320,UP
3602.5,3651.350098,3573.699951,3544.765137,4333992,UP
3589,3606,3510.149902,3517.618164,2312310,DOWN
3582.649902,3641.199951,3566.399902,3568.450439,2340989,UP
3624,3636.800049,3606.25,3590.652832,1224328,UP
3648,3670.5,3630,3622.249756,1792861,UP
3685,3705,3644.800049,3630.358887,2209923,UP
3671,3700,3653.100098,3655.281006,1534135,UP
3710,3725,3693.850098,3665.615723,1456218,UP
3692.25,3719.949951,3685,3653.89624,1456923,DOWN
3681.350098,3740,3680,3692.515137,1966475,UP
3742.800049,3760,3731.300049,3697.064453,1207141,UP
3750,3830,3745,3775.587402,2346158,UP
3831.100098,3889.149902,3811.699951,3841.847412,2488606,UP
3865,3870,3812.399902,3818.310547,1733031,DOWN
3812,3835,3772,3765.401123,1810293,DOWN
3820,3864.899902,3796.399902,3810.942627,2460591,UP
3978,3978,3861,3837.001709,3937092,UP
3856,3925,3856,3872.65332,1906106,UP
3925,3929,3836.550049,3817.271729,3203744,DOWN
3918,3923,3857,3854.852051,6684507,UP
3877.850098,3977,3860.050049,3924.326416,3348123,UP
3992.699951,4043,3962.300049,3974.763184,3442604,UP
4033.949951,4041.699951,3980,3946.528564,2389041,DOWN
4012,4012,3910.5,3878.220215,3102539,DOWN
3910,3920,3811,3790.940186,6176776,DOWN
3807,3851.550049,3771.100098,3797.825439,3112358,UP
3840,3849.649902,3740.100098,3736.253906,3258414,DOWN
3769.5,3809.399902,3722.199951,3734.816895,3330501,DOWN
3731,3733.399902,3625.100098,3615.290039,5718297,DOWN
3646,3729.800049,3646,3655.710449,3143862,UP
3749,3758,3721.399902,3701.480225,2739393,UP
3770,3808,3736.399902,3765.281006,2105169,UP
3827.899902,3864,3800.649902,3820.313965,1984212,UP
3851,3882.5,3816.050049,3789.008301,1960538,DOWN
3815.300049,3824.699951,3769,3779.398193,2307366,DOWN
3791,3831.800049,3756.149902,3743.832275,1919149,DOWN
3791.550049,3799.699951,3721,3708.613281,2946443,DOWN
3750,3777.949951,3746.100098,3725.554199,1638721,UP
3789.800049,3789.800049,3758,3735.263184,2112459,UP
3752.5,3752.5,3690,3660.564697,3851488,DOWN
3724,3793.25,3710,3699.003418,5951745,UP
3786,3835,3748,3782.271484,3931683,UP
3844,3854.100098,3806,3777.615234,3256906,DOWN
3825,3835,3779,3748.983887,3134372,DOWN
3769,3815.949951,3757.600098,3758.59375,3688883,UP
3810,3827.800049,3705.550049,3684.787109,7465922,DOWN
3650,3667.899902,3570,3553.024658,5408531,DOWN
3611,3622.899902,3555.649902,3530.635254,2426203,DOWN
3474,3483.850098,3391.100098,3369.993896,5039136,DOWN
3468,3530,3462,3487.985596,2549723,UP
3490,3563.75,3455.899902,3521.124268,3288942,UP
3552.5,3571.949951,3506,3513.14917,2761341,DOWN
3562.850098,3578.600098,3530.100098,3511.415527,1928039,DOWN
3501.5,3561.199951,3487.050049,3491.552246,2370257,DOWN
3450,3548,3431.550049,3452.469238,3054130,DOWN
3460,3609,3460,3566.44873,3300992,UP
3605,3654,3597.050049,3598.794922,2719654,UP
3684,3684,3615,3587.253418,2005441,DOWN
3603.25,3639.850098,3592.850098,3565.656006,1623423,DOWN
3580,3648.350098,3580,3609.098145,1765688,UP
3659,3659,3585.399902,3560.454834,3651133,DOWN
3640.5,3668,3616.25,3621.87793,3090475,UP
3696.600098,3710,3660.300049,3638.571289,3600452,UP
3696,3713.949951,3615,3592.949707,2413831,DOWN
3640,3711,3625,3666.508789,2907611,UP
3708,3729.800049,3690,3677.852295,1596195,UP
3700,3758.199951,3695,3714.953857,1879046,UP
3759.899902,3779.5,3672,3672.948242,1690133,DOWN
3695,3713,3661.199951,3673.195801,1760990,UP
3694.75,3722,3691,3670.868164,2689063,DOWN
3738,3738,3706.199951,3696.823975,1583455,UP
3740,3754.649902,3720.199951,3705.145752,2168110,UP
3748,3763,3728.050049,3723.770996,1387014,UP
3762,3780,3737.100098,3735.263184,1472994,UP
3772,3835.600098,3772,3779.299316,2314947,UP
3809.300049,3809.300049,3731.149902,3720.402588,2051729,DOWN
3745.5,3745.5,3679,3649.86499,2494829,DOWN
3690,3705,3642.5,3651.351074,2296773,UP
3690,3712.350098,3656.100098,3662.000977,2291660,UP
3683,3739,3648.350098,3656.750488,4483476,DOWN
3707,3709.850098,3655.550049,3627.871826,1621672,DOWN
3610,3610,3522.5,3495.217773,3820792,DOWN
3550,3563.550049,3439.149902,3439.590332,3170014,DOWN
3500,3569.149902,3480,3523.700195,2640370,UP
3580,3644,3567.399902,3594.881592,2280996,UP
3581.100098,3617,3571.5,3578.931396,1581465,DOWN
3558,3584,3533.100098,3515.180176,1960694,DOWN
3575.149902,3587.899902,3518.149902,3513.298096,1943469,DOWN
3546,3568.449951,3506.300049,3528.059326,1727648,UP
3588,3604.399902,3538.050049,3550.944336,1703660,UP
3597,3623.25,3536.850098,3513.694092,2051115,DOWN
3519.899902,3547.949951,3492.75,3509.434326,1324161,DOWN
3538.5,3545.449951,3465.300049,3447.367188,2305825,DOWN
3512.100098,3533,3485.350098,3480.703857,1612262,UP
3459,3474.5,3424.5,3400.65625,2010812,DOWN
3398,3456,3346.850098,3413.039795,2481830,UP
3434,3464.800049,3422,3406.748779,1622685,DOWN
3435,3448.449951,3382.149902,3380.247803,1841769,DOWN
3378,3449.699951,3350.100098,3376.928955,2807195,DOWN
3435,3439.899902,3382.149902,3383.12085,2187823,UP
3415,3430,3366.600098,3345.375244,1195813,DOWN
3370,3467,3350.399902,3419.479492,1754076,UP
3465,3495,3443.050049,3416.705322,1866781,DOWN
3397,3405,3230,3231.594238,4642963,DOWN
3310,3313.899902,3270.050049,3262.355225,3065125,UP
3304.800049,3338.899902,3267,3290.837646,2293690,UP
3315.149902,3324.850098,3275.600098,3257.401611,1711510,DOWN
3292.850098,3292.850098,3154.050049,3159.310547,3548046,DOWN
3191,3241.5,3180.550049,3218.454346,2813186,UP
3253.199951,3278.899902,3229.199951,3252.714111,3103153,UP
3297,3386.600098,3286.350098,3366.364014,2094624,UP
3354.149902,3383.399902,3325,3355.49292,4840965,DOWN
3388,3388,3340.050049,3346.366699,1493835,DOWN
3355,3432,3346.300049,3413.988281,2657939,UP
3459.399902,3477.300049,3431.199951,3431.093018,1913622,UP
3418,3453,3377.149902,3421.91748,1084210,DOWN
3401.050049,3418.850098,3356,3353.847168,2308256,DOWN
3380.149902,3413.949951,3346.5,3395.187988,2185707,UP
3385,3437,3353.100098,3418.077637,1279197,UP
3382,3393,3352,3351.054443,1527582,DOWN
3290,3293,3192.449951,3211.124023,3030921,DOWN
3190,3238.899902,3174.699951,3202.097656,2611493,DOWN
3218.5,3234,3201,3197.858887,1404536,DOWN
3240,3244.850098,3133.050049,3133.728027,2032028,DOWN
3092,3118.75,3023.850098,3080.767822,5240434,DOWN
3094,3138.75,3069,3104.206055,1502769,UP
3130,3237.75,3125.399902,3203.493896,2964461,UP
3199.899902,3250.550049,3183,3214.464844,3336315,UP
3222.949951,3318,3222.949951,3300.089111,3692578,UP
3339,3345,3277.5,3284.43042,2132118,DOWN
3350,3362.899902,3306.5,3305.973389,2037686,UP
3307,3330,3272.600098,3309.414307,1400046,UP
3271,3333,3271,3281.837158,2133994,DOWN
3272,3310.899902,3255,3258.498779,2719603,DOWN
3260,3333,3252.050049,3306.372559,1502879,UP
3312,3317.949951,3225.050049,3226.533203,2622535,DOWN
3255,3272,3206.949951,3207.83252,2170627,DOWN
3218.5,3268.5,3202.25,3252.165527,2182144,UP
3271,3319.399902,3265.050049,3279.194336,1989921,UP
3300,3305,3250,3256.853027,2136916,DOWN
3206.149902,3225,3106,3105.602539,6974600,DOWN
3114.899902,3136.199951,3080.25,3076.578857,3734815,DOWN
3104,3110,3035,3030.75,3863530,DOWN
3056,3057,2967,2998.75,4764908,DOWN
3018.550049,3028.899902,2953,2994.600098,4574806,DOWN
3023,3076.949951,3014.300049,3063.5,3202795,UP
3030.050049,3078.949951,3030.050049,3074.25,1865074,UP
3107.800049,3171.949951,3098.050049,3164.800049,3402251,UP
3167,3184,3144.050049,3177.300049,2420640,UP
3185,3197,3143.5,3171,2075886,DOWN
3165,3186.449951,3149.100098,3166.75,1797504,DOWN
3164.699951,3168.899902,3096.5,3115.899902,2639367,DOWN
3115,3194.100098,3110,3188.850098,1389808,UP
3216,3264,3201.649902,3260.5,2106333,UP
3290,3317.300049,3275,3301.899902,2430257,UP
3327,3327,3271,3298.800049,1306913,DOWN
3290,3312.899902,3271.649902,3291.800049,1269114,DOWN
3280,3349,3277.050049,3339.5,2895824,UP
3350,3387.899902,3307.350098,3354.949951,2150567,UP
3361.199951,3377,3355,3365.050049,1106933,UP
3365,3378.899902,3336,3374.449951,1068836,UP
3385,3385,3335,3354.25,1878359,DOWN
3400,3428.699951,3375.050049,3422.5,1449248,UP
3419,3419,3381.25,3401.550049,1472354,DOWN
3411,3414.850098,3387.5,3392.699951,839942,DOWN
3385.100098,3417.949951,3371.100098,3401.100098,1622326,UP
3390,3392,3362,3381.25,1430659,DOWN
3387,3421.5,3371.25,3385.75,1398410,UP
3365,3384.100098,3347.399902,3354.550049,1536532,DOWN
3319.949951,3341.899902,3270,3284.600098,1849256,DOWN
3292,3308,3250.199951,3255.350098,1691923,DOWN
3276,3278.149902,3214.75,3218.199951,1946930,DOWN
3234.300049,3257,3216.800049,3222.199951,1457962,UP
3125,3142.699951,3081,3132.550049,2539173,DOWN
3155,3226.5,3142.100098,3211.149902,3431525,UP
3190,3190,3121,3131.699951,3546935,DOWN
3163,3163,3120.300049,3130.399902,2052900,DOWN
3123.649902,3147.949951,3112.25,3133.399902,2147912,UP
3135.5,3140.850098,3106.350098,3127.050049,1936453,DOWN
3102,3161.899902,3102,3149.600098,1291534,UP
3170,3183.5,3160.100098,3169.649902,1346113,UP
3195,3233.5,3168.5,3217.649902,1561185,UP
3239.899902,3269.800049,3225,3242.949951,1785928,UP
3263.449951,3263.449951,3225,3229.350098,1972678,DOWN
3135,3141.399902,3113.800049,3120.399902,5090269,DOWN
3130,3137.75,3100,3104.350098,2138023,DOWN
3076,3094.350098,3000,3008.699951,5322221,DOWN
